question,answer,retrieved_sources
Как создать виртуальное окружение в Python?,"На основе найденной информации:

Источник: Что такое виртуальное окружение? (doc doc3)
Виртуальное окружение (virtual environment) — это изолированная среда Python, в которой можно устанавливать пакеты независимо от основной системы. Создаётся командой python -m venv myenv.

Источник: Что такое Python? (doc doc1)
Python — это высокоуровневый язык программирования общего назначения с динамической типизацией. Создан Гвидо ван Россумом в 1991 году. Отличается простым и читаемым синтаксисом.

Источн...",Что такое виртуальное окружение? (doc3)|Что такое Python? (doc1)|Как запустить скрипт Python? (doc13)
Что такое декораторы и зачем они нужны?,"На основе найденной информации:

Источник: Как отлаживать код? (doc doc15)
Основные инструменты: print(), pdb (python debugger), logging модуль, IDE с встроенным дебаггером. Рекомендуется использовать assert для проверок.

Источник: Что такое list comprehension? (doc doc5)
List comprehension — это удобный способ создания списков в одну строку. Пример: squares = [x**2 for x in range(10)] создаёт список квадратов чисел от 0 до 9.

Источник: Что такое Python? (doc doc1)
Python — это высокоуровневый...",Как отлаживать код? (doc15)|Что такое list comprehension? (doc5)|Что такое Python? (doc1)
Как работать с файлами JSON?,"На основе найденной информации:

Источник: Как работать с файлами? (doc doc9)
Открытие файла: with open('file.txt', 'r', encoding='utf-8') as f: content = f.read(). Режимы: 'r', 'w', 'a', 'rb', 'wb'.

Источник: Как отлаживать код? (doc doc15)
Основные инструменты: print(), pdb (python debugger), logging модуль, IDE с встроенным дебаггером. Рекомендуется использовать assert для проверок.

Источник: Разница между list и tuple (doc doc6)
List — изменяемый (mutable) тип данных, tuple — неизменяемый ...",Как работать с файлами? (doc9)|Как отлаживать код? (doc15)|Разница между list и tuple (doc6)
